"timestamp","flight","code","track","id","lon","lat","alt","dist"
"1",2015-03-23 00:34:44,"2120","A8FC73",0,"A8FC7321200",-118.2195,34.02841,3750,21976.7324465329
"2",2015-03-23 00:34:43,"2120","A8FC73",0,"A8FC7321200",-118.2195,34.02841,3925,21976.7324465329
"3",2015-03-23 00:34:39,"2120","A8FC73",0,"A8FC7321200",-118.22542,34.02796,3925,21428.2761224461
"4",2015-03-23 00:34:38,"2120","A8FC73",0,"A8FC7321200",-118.22542,34.02796,4000,21428.2761224461
"5",2015-03-23 00:34:32,"2120","A8FC73",0,"A8FC7321200",-118.232,34.02745,4000,20818.5709739102
"6",2015-03-23 00:34:31,"2120","A8FC73",0,"A8FC7321200",-118.23303,34.02736,4100,20723.0271462294
"7",2015-03-23 00:34:18,"2120","A8FC73",0,"A8FC7321200",-118.30439,34.02107,4125,14103.0836124842
"8",2015-03-23 00:34:17,"2120","A8FC73",0,"A8FC7321200",-118.30439,34.02107,4300,14103.0836124842
"9",2015-03-23 00:33:44,"2120","A8FC73",0,"A8FC7321200",-118.30439,34.02107,4725,14103.0836124842
"10",2015-03-23 00:33:43,"2120","A8FC73",0,"A8FC7321200",-118.30439,34.02107,4825,14103.0836124842
"11",2015-03-23 00:33:31,"2120","A8FC73",0,"A8FC7321200",-118.30439,34.02107,5025,14103.0836124842
"12",2015-03-23 00:33:28,"2120","A8FC73",0,"A8FC7321200",-118.35437,34.01669,5075,9467.18513861946
"13",2015-03-23 00:33:03,"2120","A8FC73",0,"A8FC7321200",-118.35437,34.01669,5175,9467.18513861946
"14",2015-03-23 00:33:01,"2120","A8FC73",0,"A8FC7321200",-118.35437,34.01669,5550,9467.18513861946
"15",2015-03-23 00:33:00,"2120","A8FC73",0,"A8FC7321200",-118.35437,34.01669,5575,9467.18513861946
"16",2015-03-23 00:32:54,"2120","A8FC73",0,"A8FC7321200",-118.35437,34.01669,5600,9467.18513861946
"17",2015-03-23 00:32:51,"2120","A8FC73",0,"A8FC7321200",-118.35437,34.01669,5700,9467.18513861946
"18",2015-03-23 00:32:50,"2120","A8FC73",0,"A8FC7321200",-118.3592,34.01628,5750,9019.34540844043
"19",2015-03-23 00:32:46,"2120","A8FC73",0,"A8FC7321200",-118.3604,34.01619,5825,8908.18156987759
"20",2015-03-23 00:32:37,"2120","A8FC73",0,"A8FC7321200",-118.37909,34.0145,5825,7174.62184480756
"21",2015-03-23 00:32:36,"2120","A8FC73",0,"A8FC7321200",-118.37909,34.0145,5975,7174.62184480756
"22",2015-03-23 00:32:34,"2120","A8FC73",0,"A8FC7321200",-118.37909,34.0145,6000,7174.62184480756
"23",2015-03-23 00:32:32,"2120","A8FC73",0,"A8FC7321200",-118.37909,34.0145,6025,7174.62184480756
"24",2015-03-23 00:32:30,"2120","A8FC73",0,"A8FC7321200",-118.37909,34.0145,6050,7174.62184480756
"25",2015-03-23 00:32:29,"2120","A8FC73",0,"A8FC7321200",-118.38172,34.01427,6100,6930.78280427259
"26",2015-03-23 00:32:22,"2120","A8FC73",0,"A8FC7321200",-118.3893,34.01353,6150,6227.5636267422
"27",2015-03-23 00:32:21,"2120","A8FC73",0,"A8FC7321200",-118.39119,34.01335,6225,6052.28830841006
"28",2015-03-23 00:32:19,"2120","A8FC73",0,"A8FC7321200",-118.39382,34.01311,6250,5808.47806485603
"29",2015-03-23 00:32:18,"2120","A8FC73",0,"A8FC7321200",-118.39445,34.01308,6275,5750.24976345687
"30",2015-03-23 00:32:15,"2120","A8FC73",0,"A8FC7321200",-118.41843,34.01093,6275,3529.40167932272
"31",2015-03-23 00:32:09,"2120","A8FC73",0,"A8FC7321200",-118.41843,34.01093,6400,3529.40167932272
"32",2015-03-23 00:32:07,"2120","A8FC73",0,"A8FC7321200",-118.41843,34.01093,6425,3529.40167932272
"33",2015-03-23 00:32:00,"2120","A8FC73",0,"A8FC7321200",-118.41843,34.01093,6475,3529.40167932272
"34",2015-03-23 00:31:59,"2120","A8FC73",0,"A8FC7321200",-118.41843,34.01093,6625,3529.40167932272
"35",2015-03-23 00:31:55,"2120","A8FC73",0,"A8FC7321200",-118.45263,34.00983,6650,374.407139492097
"36",2015-03-23 00:31:32,"2120","A8FC73",0,"A8FC7321200",-118.45263,34.00983,6750,374.407139492097
"37",2015-03-23 00:31:27,"2120","A8FC73",0,"A8FC7321200",-118.45974,34.01051,6750,286.125744502745
"38",2015-03-23 00:31:20,"2120","A8FC73",0,"A8FC7321200",-118.46849,34.01129,6750,1098.12263557741
"39",2015-03-23 00:31:19,"2120","A8FC73",0,"A8FC7321200",-118.46912,34.01134,6750,1156.5126372268
"40",2015-03-23 00:31:18,"2120","A8FC73",0,"A8FC7321200",-118.47107,34.01152,6750,1337.56195920088
"41",2015-03-23 00:31:06,"2120","A8FC73",0,"A8FC7321200",-118.4864,34.01293,6750,2760.81382314726
"42",2015-03-23 00:31:04,"2120","A8FC73",0,"A8FC7321200",-118.48906,34.01317,6875,3007.71098205817
"43",2015-03-23 00:31:02,"2120","A8FC73",0,"A8FC7321200",-118.49173,34.01344,6900,3255.89614284723
"44",2015-03-23 00:31:00,"2120","A8FC73",0,"A8FC7321200",-118.49428,34.01367,6925,3492.58058406739
"45",2015-03-23 00:30:54,"2120","A8FC73",0,"A8FC7321200",-118.52875,34.01702,6975,6694.93967398601
"46",2015-03-23 00:30:42,"2120","A8FC73",0,"A8FC7321200",-118.52875,34.01702,7100,6694.93967398601
"47",2015-03-23 00:30:32,"2120","A8FC73",0,"A8FC7321200",-118.52875,34.01702,7400,6694.93967398601
"48",2015-03-23 00:30:31,"2120","A8FC73",0,"A8FC7321200",-118.54231,34.01839,7500,7955.33514764455
"49",2015-03-23 00:30:27,"2120","A8FC73",0,"A8FC7321200",-118.54231,34.01839,7525,7955.33514764455
"50",2015-03-23 00:30:26,"2120","A8FC73",0,"A8FC7321200",-118.54231,34.01839,7600,7955.33514764455
"51",2015-03-23 00:30:22,"2120","A8FC73",0,"A8FC7321200",-118.54231,34.01839,7625,7955.33514764455
"52",2015-03-23 00:30:17,"2120","A8FC73",0,"A8FC7321200",-118.56274,34.02038,7725,9853.31794228828
"53",2015-03-23 00:30:08,"2120","A8FC73",0,"A8FC7321200",-118.56274,34.02038,7775,9853.31794228828
"54",2015-03-23 00:30:06,"2120","A8FC73",0,"A8FC7321200",-118.56274,34.02038,7925,9853.31794228828
"55",2015-03-23 00:30:05,"2120","A8FC73",0,"A8FC7321200",-118.64353,34.02782,7950,17352.9888801223
"56",2015-03-23 00:29:05,"2120","A8FC73",0,"A8FC7321200",-118.64353,34.02782,7975,17352.9888801223
"57",2015-03-23 00:29:04,"2120","A8FC73",0,"A8FC7321200",-118.64416,34.02786,9025,17411.2437226855
"58",2015-03-23 00:29:03,"2120","A8FC73",0,"A8FC7321200",-118.64565,34.02801,9050,17549.7132194786
"59",2015-03-23 00:29:02,"2120","A8FC73",0,"A8FC7321200",-118.64954,34.02838,9075,17910.9497468519
"60",2015-03-23 00:29:00,"2120","A8FC73",0,"A8FC7321200",-118.64954,34.02838,9100,17910.9497468519
"61",2015-03-23 00:28:55,"2120","A8FC73",0,"A8FC7321200",-118.65627,34.02896,9125,18535.1629316368
"62",2015-03-23 00:28:46,"2120","A8FC73",0,"A8FC7321200",-118.66819,34.0301,9225,19642.1478082307
"63",2015-03-23 00:28:39,"2120","A8FC73",0,"A8FC7321200",-118.79196,34.11432,9425,33023.0799335019
"64",2015-03-23 00:28:31,"2120","A8FC73",0,"A8FC7321200",-118.79196,34.11432,9600,33023.0799335019
"65",2015-03-23 00:28:28,"2120","A8FC73",0,"A8FC7321200",-118.79196,34.11432,9725,33023.0799335019
"66",2015-03-23 00:27:28,"2120","A8FC73",0,"A8FC7321200",-118.79196,34.11432,9750,33023.0799335019
"67",2015-03-23 00:26:41,"2120","A8FC73",0,"A8FC7321200",-118.79196,34.11432,10025,33023.0799335019
"68",2015-03-23 00:26:39,"2120","A8FC73",0,"A8FC7321200",-118.79196,34.11432,10475,33023.0799335019
"69",2015-03-23 00:26:38,"2120","A8FC73",0,"A8FC7321200",-118.79248,34.11562,10475,33118.7808040217
"70",2015-03-23 00:26:30,"2120","A8FC73",0,"A8FC7321200",-118.79642,34.12661,10500,33905.4918251768
"71",2015-03-23 00:26:12,"2120","A8FC73",0,"A8FC7321200",-118.80541,34.151,10675,35772.5570929801
"72",2015-03-23 00:30:05,"4207","AA7030",0,"AA703042070",-118.21598,34.02987,3825,22315.3405140286
"73",2015-03-23 00:29:59,"4207","AA7030",0,"AA703042070",-118.21598,34.02987,4550,22315.3405140286
"74",2015-03-23 00:29:58,"4207","AA7030",0,"AA703042070",-118.21721,34.02979,4575,22201.5377385626
"75",2015-03-23 00:29:53,"4207","AA7030",0,"AA703042070",-118.22554,34.02913,4600,21429.54279609
"76",2015-03-23 00:29:51,"4207","AA7030",0,"AA703042070",-118.22769,34.02896,4725,21230.2912526313
"77",2015-03-23 00:29:49,"4207","AA7030",0,"AA703042070",-118.22769,34.02896,4750,21230.2912526313
"78",2015-03-23 00:29:48,"4207","AA7030",0,"AA703042070",-118.2332,34.02857,4750,20720.1461091122
"79",2015-03-23 00:29:47,"4207","AA7030",0,"AA703042070",-118.2332,34.02857,4775,20720.1461091122
"80",2015-03-23 00:29:46,"4207","AA7030",0,"AA703042070",-118.2332,34.02857,4800,20720.1461091122
"81",2015-03-23 00:29:45,"4207","AA7030",0,"AA703042070",-118.2332,34.02857,4825,20720.1461091122
"82",2015-03-23 00:29:44,"4207","AA7030",0,"AA703042070",-118.23391,34.0285,4850,20654.1955999342
"83",2015-03-23 00:29:43,"4207","AA7030",0,"AA703042070",-118.23582,34.02837,4875,20477.4139068902
"84",2015-03-23 00:29:37,"4207","AA7030",0,"AA703042070",-118.24305,34.02786,4975,19808.0405425543
"85",2015-03-23 00:29:29,"4207","AA7030",0,"AA703042070",-118.27281,34.02576,4975,17052.7846859847
"86",2015-03-23 00:29:12,"4207","AA7030",0,"AA703042070",-118.27281,34.02576,5100,17052.7846859847
"87",2015-03-23 00:29:07,"4207","AA7030",0,"AA703042070",-118.28293,34.02508,5425,16116.2483986913
"88",2015-03-23 00:29:06,"4207","AA7030",0,"AA703042070",-118.28293,34.02508,5525,16116.2483986913
"89",2015-03-23 00:29:04,"4207","AA7030",0,"AA703042070",-118.28369,34.02502,5575,16045.8147071835
"90",2015-03-23 00:29:01,"4207","AA7030",0,"AA703042070",-118.2938,34.02429,5575,15109.6402445903
"91",2015-03-23 00:28:55,"4207","AA7030",0,"AA703042070",-118.2945,34.0242,5750,15044.3681115144
"92",2015-03-23 00:28:53,"4207","AA7030",0,"AA703042070",-118.29723,34.02401,5750,14791.6555123668
"93",2015-03-23 00:28:46,"4207","AA7030",0,"AA703042070",-118.31227,34.02292,5800,13398.9398286086
"94",2015-03-23 00:28:41,"4207","AA7030",0,"AA703042070",-118.31227,34.02292,6000,13398.9398286086
"95",2015-03-23 00:28:40,"4207","AA7030",0,"AA703042070",-118.31227,34.02292,6025,13398.9398286086
"96",2015-03-23 00:28:39,"4207","AA7030",0,"AA703042070",-118.31354,34.0228,6025,13281.0104397569
"97",2015-03-23 00:28:38,"4207","AA7030",0,"AA703042070",-118.31524,34.02269,6050,13123.7456556581
"98",2015-03-23 00:28:37,"4207","AA7030",0,"AA703042070",-118.316,34.02261,6075,13053.0772569686
"99",2015-03-23 00:28:36,"4207","AA7030",0,"AA703042070",-118.31777,34.02251,6075,12889.5088741988
"100",2015-03-23 00:28:34,"4207","AA7030",0,"AA703042070",-118.32047,34.02228,6100,12639.0863496072
"101",2015-03-23 00:28:32,"4207","AA7030",0,"AA703042070",-118.34529,34.02031,6150,10338.7613842993
"102",2015-03-23 00:28:27,"4207","AA7030",0,"AA703042070",-118.34529,34.02031,6250,10338.7613842993
"103",2015-03-23 00:28:17,"4207","AA7030",0,"AA703042070",-118.34529,34.02031,6350,10338.7613842993
"104",2015-03-23 00:28:14,"4207","AA7030",0,"AA703042070",-118.34529,34.02031,6450,10338.7613842993
"105",2015-03-23 00:28:12,"4207","AA7030",0,"AA703042070",-118.35617,34.01954,6500,9331.56529740309
"106",2015-03-23 00:28:08,"4207","AA7030",0,"AA703042070",-118.35617,34.01954,6600,9331.56529740309
"107",2015-03-23 00:28:06,"4207","AA7030",0,"AA703042070",-118.35617,34.01954,6625,9331.56529740309
"108",2015-03-23 00:28:05,"4207","AA7030",0,"AA703042070",-118.35617,34.01954,6650,9331.56529740309
"109",2015-03-23 00:28:03,"4207","AA7030",0,"AA703042070",-118.35947,34.01926,6650,9025.50755861453
"110",2015-03-23 00:28:01,"4207","AA7030",0,"AA703042070",-118.36178,34.01912,6725,8811.96721836591
"111",2015-03-23 00:28:00,"4207","AA7030",0,"AA703042070",-118.36636,34.01875,6750,8387.43500205049
"112",2015-03-23 00:27:58,"4207","AA7030",0,"AA703042070",-118.36636,34.01875,6775,8387.43500205049
"113",2015-03-23 00:27:57,"4207","AA7030",0,"AA703042070",-118.36636,34.01875,6800,8387.43500205049
"114",2015-03-23 00:27:53,"4207","AA7030",0,"AA703042070",-118.3727,34.01825,6800,7799.92702445303
"115",2015-03-23 00:27:52,"4207","AA7030",0,"AA703042070",-118.37448,34.01814,6900,7635.37364141425
"116",2015-03-23 00:27:51,"4207","AA7030",0,"AA703042070",-118.37448,34.01814,6925,7635.37364141425
"117",2015-03-23 00:27:42,"4207","AA7030",0,"AA703042070",-118.38627,34.01721,7100,6542.89778004754
"118",2015-03-23 00:27:41,"4207","AA7030",0,"AA703042070",-118.38755,34.01711,7125,6424.30971266604
"119",2015-03-23 00:27:40,"4207","AA7030",0,"AA703042070",-118.38884,34.01698,7125,6304.40555999013
"120",2015-03-23 00:27:37,"4207","AA7030",0,"AA703042070",-118.39215,34.01674,7150,5998.00214593698
"121",2015-03-23 00:27:36,"4207","AA7030",0,"AA703042070",-118.39748,34.01628,7225,5503.63365407593
"122",2015-03-23 00:27:35,"4207","AA7030",0,"AA703042070",-118.39748,34.01628,7250,5503.63365407593
"123",2015-03-23 00:27:33,"4207","AA7030",0,"AA703042070",-118.39748,34.01628,7275,5503.63365407593
"124",2015-03-23 00:27:31,"4207","AA7030",0,"AA703042070",-118.39983,34.0161,7300,5285.98699508965
"125",2015-03-23 00:27:30,"4207","AA7030",0,"AA703042070",-118.41997,34.01442,7350,3419.14091061579
"126",2015-03-23 00:27:28,"4207","AA7030",0,"AA703042070",-118.41997,34.01442,7375,3419.14091061579
"127",2015-03-23 00:27:25,"4207","AA7030",0,"AA703042070",-118.41997,34.01442,7425,3419.14091061579
"128",2015-03-23 00:27:19,"4207","AA7030",0,"AA703042070",-118.41997,34.01442,7525,3419.14091061579
"129",2015-03-23 00:27:16,"4207","AA7030",0,"AA703042070",-118.41997,34.01442,7625,3419.14091061579
"130",2015-03-23 00:27:15,"4207","AA7030",0,"AA703042070",-118.41997,34.01442,7675,3419.14091061579
"131",2015-03-23 00:27:12,"4207","AA7030",0,"AA703042070",-118.42892,34.01363,7700,2589.21616226949
"132",2015-03-23 00:27:08,"4207","AA7030",0,"AA703042070",-118.42892,34.01363,7750,2589.21616226949
"133",2015-03-23 00:27:02,"4207","AA7030",0,"AA703042070",-118.43685,34.01293,7875,1854.31023246752
"134",2015-03-23 00:26:59,"4207","AA7030",0,"AA703042070",-118.44069,34.01257,7925,1498.36033030067
"135",2015-03-23 00:26:58,"4207","AA7030",0,"AA703042070",-118.442,34.01246,7975,1377.26891439803
"136",2015-03-23 00:26:56,"4207","AA7030",0,"AA703042070",-118.44484,34.01221,7975,1114.79165800477
"137",2015-03-23 00:26:51,"4207","AA7030",0,"AA703042070",-118.4598,34.01144,8000,321.9649167056
"138",2015-03-23 00:26:45,"4207","AA7030",0,"AA703042070",-118.4598,34.01144,8075,321.9649167056
"139",2015-03-23 00:26:44,"4207","AA7030",0,"AA703042070",-118.4598,34.01144,8150,321.9649167056
"140",2015-03-23 00:26:37,"4207","AA7030",0,"AA703042070",-118.46935,34.01172,8175,1183.0381123748
"141",2015-03-23 00:26:28,"4207","AA7030",0,"AA703042070",-118.50082,34.01437,8300,4100.98229713702
"142",2015-03-23 00:26:27,"4207","AA7030",0,"AA703042070",-118.50082,34.01437,8475,4100.98229713702
"143",2015-03-23 00:26:14,"4207","AA7030",0,"AA703042070",-118.50082,34.01437,8525,4100.98229713702
"144",2015-03-23 00:26:13,"4207","AA7030",0,"AA703042070",-118.50218,34.0145,8675,4227.30434119437
"145",2015-03-23 00:26:11,"4207","AA7030",0,"AA703042070",-118.50632,34.01484,8675,4611.13976778157
"146",2015-03-23 00:26:10,"4207","AA7030",0,"AA703042070",-118.50632,34.01484,8700,4611.13976778157
"147",2015-03-23 00:26:06,"4207","AA7030",0,"AA703042070",-118.51404,34.01553,8700,5327.59637117195
"148",2015-03-23 00:26:04,"4207","AA7030",0,"AA703042070",-118.51404,34.01553,8725,5327.59637117195
"149",2015-03-23 00:26:03,"4207","AA7030",0,"AA703042070",-118.51546,34.01564,8725,5459.16954234253
"150",2015-03-23 00:25:57,"4207","AA7030",0,"AA703042070",-118.52365,34.01637,8750,6219.21646599033
"151",2015-03-23 00:25:56,"4207","AA7030",0,"AA703042070",-118.5251,34.01651,8775,6353.91118222652
"152",2015-03-23 00:25:55,"4207","AA7030",0,"AA703042070",-118.52657,34.01665,8775,6490.43976163372
"153",2015-03-23 00:25:46,"4207","AA7030",0,"AA703042070",-118.53973,34.01784,8775,7711.90545991939
"154",2015-03-23 00:25:45,"4207","AA7030",0,"AA703042070",-118.54122,34.01795,8875,7849.89787636976
"155",2015-03-23 00:25:41,"4207","AA7030",0,"AA703042070",-118.62942,34.02649,8875,16042.8289486015
"156",2015-03-23 00:25:34,"4207","AA7030",0,"AA703042070",-118.62942,34.02649,8925,16042.8289486015
"157",2015-03-23 00:25:31,"4207","AA7030",0,"AA703042070",-118.62942,34.02649,9025,16042.8289486015
"158",2015-03-23 00:25:24,"4207","AA7030",0,"AA703042070",-118.62942,34.02649,9050,16042.8289486015
"159",2015-03-23 00:25:01,"4207","AA7030",0,"AA703042070",-118.62942,34.02649,9200,16042.8289486015
"160",2015-03-23 00:24:47,"4207","AA7030",0,"AA703042070",-118.62942,34.02649,9625,16042.8289486015
"161",2015-03-23 00:24:41,"4207","AA7030",0,"AA703042070",-118.64136,34.02768,9950,17152.3072760973
"162",2015-03-23 00:24:40,"4207","AA7030",0,"AA703042070",-118.64136,34.02768,10000,17152.3072760973
"163",2015-03-23 00:24:38,"4207","AA7030",0,"AA703042070",-118.64601,34.02814,10050,17584.343800436
"164",2015-03-23 00:24:37,"4207","AA7030",0,"AA703042070",-118.64601,34.02814,10075,17584.343800436
"165",2015-03-23 00:24:36,"4207","AA7030",0,"AA703042070",-118.66854,34.03029,10075,19676.6094993873
"166",2015-03-23 00:24:34,"4207","AA7030",0,"AA703042070",-118.66854,34.03029,10100,19676.6094993873
"167",2015-03-23 00:24:24,"4207","AA7030",0,"AA703042070",-118.66854,34.03029,10125,19676.6094993873
"168",2015-03-23 00:24:23,"4207","AA7030",0,"AA703042070",-118.66854,34.03029,10325,19676.6094993873
"169",2015-03-23 00:24:17,"4207","AA7030",0,"AA703042070",-118.67622,34.03102,10350,20389.7703030191
"170",2015-03-23 00:24:16,"4207","AA7030",0,"AA703042070",-118.68519,34.03183,10450,21222.1777841077
"171",2015-03-23 00:24:12,"4207","AA7030",0,"AA703042070",-118.68519,34.03183,10475,21222.1777841077
"172",2015-03-23 00:24:07,"4207","AA7030",0,"AA703042070",-118.69143,34.03239,10625,21801.1962621404
"173",2015-03-23 00:24:03,"4207","AA7030",0,"AA703042070",-118.70195,34.03322,10650,22775.9350641005
"174",2015-03-23 00:24:01,"4207","AA7030",0,"AA703042070",-118.70195,34.03322,10775,22775.9350641005
"175",2015-03-23 00:23:59,"4207","AA7030",0,"AA703042070",-118.70414,34.0334,10775,22978.9412039413
"176",2015-03-23 00:23:52,"4207","AA7030",0,"AA703042070",-118.74172,34.04049,10800,26514.8703563849
"177",2015-03-23 00:23:34,"4207","AA7030",0,"AA703042070",-118.74172,34.04049,10950,26514.8703563849
"178",2015-03-23 03:25:14,"CAL5118","899112",0,"899112CAL51180",-118.30555,34.02333,4275,14020.3213083521
"179",2015-03-23 03:24:52,"CAL5118","899112",0,"899112CAL51180",-118.33998,34.02,4950,10822.3992001816
"180",2015-03-23 03:24:51,"CAL5118","899112",0,"899112CAL51180",-118.34142,34.01985,4975,10688.5303650911
"181",2015-03-23 03:24:43,"CAL5118","899112",0,"899112CAL51180",-118.37634,34.01578,5200,7438.37892938672
"182",2015-03-23 03:24:40,"CAL5118","899112",0,"899112CAL51180",-118.37634,34.01578,5275,7438.37892938672
"183",2015-03-23 03:24:28,"CAL5118","899112",0,"899112CAL51180",-118.37634,34.01578,5350,7438.37892938672
"184",2015-03-23 03:24:27,"CAL5118","899112",0,"899112CAL51180",-118.37634,34.01578,5625,7438.37892938672
"185",2015-03-23 03:24:26,"CAL5118","899112",0,"899112CAL51180",-118.39388,34.01372,5675,5807.15902276693
"186",2015-03-23 03:24:15,"CAL5118","899112",0,"899112CAL51180",-118.39388,34.01372,5725,5807.15902276693
"187",2015-03-23 03:24:06,"CAL5118","899112",0,"899112CAL51180",-118.40947,34.01202,5975,4360.03189340351
"188",2015-03-23 03:24:05,"CAL5118","899112",0,"899112CAL51180",-118.40947,34.01202,6225,4360.03189340351
"189",2015-03-23 03:24:04,"CAL5118","899112",0,"899112CAL51180",-118.41093,34.0119,6250,4224.83655438383
"190",2015-03-23 03:23:58,"CAL5118","899112",0,"899112CAL51180",-118.41973,34.01102,6300,3409.74058467735
"191",2015-03-23 03:23:51,"CAL5118","899112",0,"899112CAL51180",-118.43027,34.01018,6500,2435.83602150677
"192",2015-03-23 03:23:44,"CAL5118","899112",0,"899112CAL51180",-118.44024,34.00974,6750,1516.58306400013
"193",2015-03-23 03:23:42,"CAL5118","899112",0,"899112CAL51180",-118.45683,34.0106,6850,50.4936052028384
"194",2015-03-23 03:23:37,"CAL5118","899112",0,"899112CAL51180",-118.45683,34.0106,6875,50.4936052028384
"195",2015-03-23 03:23:33,"CAL5118","899112",0,"899112CAL51180",-118.47353,34.01232,7125,1574.39671701253
"196",2015-03-23 03:23:28,"CAL5118","899112",0,"899112CAL51180",-118.47353,34.01232,7150,1574.39671701253
"197",2015-03-23 03:23:25,"CAL5118","899112",0,"899112CAL51180",-118.47353,34.01232,7275,1574.39671701253
"198",2015-03-23 03:23:24,"CAL5118","899112",0,"899112CAL51180",-118.47353,34.01232,7325,1574.39671701253
"199",2015-03-23 03:23:22,"CAL5118","899112",0,"899112CAL51180",-118.47353,34.01232,7375,1574.39671701253
"200",2015-03-23 03:23:21,"CAL5118","899112",0,"899112CAL51180",-118.47505,34.01248,7375,1715.73515883286
"201",2015-03-23 03:23:20,"CAL5118","899112",0,"899112CAL51180",-118.50077,34.01502,7400,4105.27710681563
"202",2015-03-23 03:23:14,"CAL5118","899112",0,"899112CAL51180",-118.50077,34.01502,7475,4105.27710681563
"203",2015-03-23 03:23:06,"CAL5118","899112",0,"899112CAL51180",-118.50077,34.01502,7500,4105.27710681563
"204",2015-03-23 03:23:05,"CAL5118","899112",0,"899112CAL51180",-118.50077,34.01502,7575,4105.27710681563
"205",2015-03-23 03:22:58,"CAL5118","899112",0,"899112CAL51180",-118.51316,34.01624,7600,5256.47244229721
"206",2015-03-23 03:22:56,"CAL5118","899112",0,"899112CAL51180",-118.51479,34.01642,7675,5408.20088278001
"207",2015-03-23 03:22:55,"CAL5118","899112",0,"899112CAL51180",-118.63918,34.02689,7675,16942.6728854297
"208",2015-03-23 03:22:49,"CAL5118","899112",0,"899112CAL51180",-118.63918,34.02689,7700,16942.6728854297
"209",2015-03-23 03:22:43,"CAL5118","899112",0,"899112CAL51180",-118.63918,34.02689,7925,16942.6728854297
"210",2015-03-23 03:22:05,"CAL5118","899112",0,"899112CAL51180",-118.63918,34.02689,8275,16942.6728854297
"211",2015-03-23 03:21:42,"CAL5118","899112",0,"899112CAL51180",-118.63918,34.02689,8825,16942.6728854297
"212",2015-03-23 03:21:40,"CAL5118","899112",0,"899112CAL51180",-118.64427,34.02722,9450,17413.4822046113
"213",2015-03-23 03:21:39,"CAL5118","899112",0,"899112CAL51180",-118.64427,34.02722,9500,17413.4822046113
"214",2015-03-23 03:21:37,"CAL5118","899112",0,"899112CAL51180",-118.7772,34.07452,9525,30422.0746283419
"215",2015-03-23 03:21:36,"CAL5118","899112",0,"899112CAL51180",-118.7772,34.07452,9550,30422.0746283419
"216",2015-03-23 03:21:21,"CAL5118","899112",0,"899112CAL51180",-118.7772,34.07452,9750,30422.0746283419
"217",2015-03-23 03:21:06,"CAL5118","899112",0,"899112CAL51180",-118.7772,34.07452,9975,30422.0746283419
"218",2015-03-23 03:21:05,"CAL5118","899112",0,"899112CAL51180",-118.7772,34.07452,10050,30422.0746283419
"219",2015-03-23 03:21:02,"CAL5118","899112",0,"899112CAL51180",-118.7772,34.07452,10125,30422.0746283419
"220",2015-03-23 03:20:09,"CAL5118","899112",0,"899112CAL51180",-118.7772,34.07452,10200,30422.0746283419
"221",2015-03-23 03:20:07,"CAL5118","899112",0,"899112CAL51180",-118.77818,34.07707,10875,30577.4008885932
"222",2015-03-23 03:20:06,"CAL5118","899112",0,"899112CAL51180",-118.79179,34.11464,10900,33020.8755372438
"223",2015-03-23 02:48:29,"CAL5158","89911E",0,"89911ECAL51580",-118.22096,34.03336,3500,21900.0777114292
"224",2015-03-23 02:48:27,"CAL5158","89911E",0,"89911ECAL51580",-118.3437,34.02233,3500,10511.0786659457
"225",2015-03-23 02:48:18,"CAL5158","89911E",0,"89911ECAL51580",-118.3437,34.02233,3575,10511.0786659457
"226",2015-03-23 02:47:28,"CAL5158","89911E",0,"89911ECAL51580",-118.3437,34.02233,4400,10511.0786659457
"227",2015-03-23 02:47:27,"CAL5158","89911E",0,"89911ECAL51580",-118.3437,34.02233,4425,10511.0786659457
"228",2015-03-23 02:47:05,"CAL5158","89911E",0,"89911ECAL51580",-118.3437,34.02233,4950,10511.0786659457
"229",2015-03-23 02:47:03,"CAL5158","89911E",0,"89911ECAL51580",-118.3437,34.02233,5000,10511.0786659457
"230",2015-03-23 02:47:00,"CAL5158","89911E",0,"89911ECAL51580",-118.3437,34.02233,5050,10511.0786659457
"231",2015-03-23 02:46:54,"CAL5158","89911E",0,"89911ECAL51580",-118.3437,34.02233,5200,10511.0786659457
"232",2015-03-23 02:46:46,"CAL5158","89911E",0,"89911ECAL51580",-118.3437,34.02233,5325,10511.0786659457
"233",2015-03-23 02:46:43,"CAL5158","89911E",0,"89911ECAL51580",-118.36491,34.01994,5375,8536.1836136412
"234",2015-03-23 02:46:34,"CAL5158","89911E",0,"89911ECAL51580",-118.36491,34.01994,5450,8536.1836136412
"235",2015-03-23 02:46:31,"CAL5158","89911E",0,"89911ECAL51580",-118.36491,34.01994,5575,8536.1836136412
"236",2015-03-23 02:46:30,"CAL5158","89911E",0,"89911ECAL51580",-118.38267,34.01811,5650,6884.9155475596
"237",2015-03-23 02:46:24,"CAL5158","89911E",0,"89911ECAL51580",-118.38267,34.01811,5775,6884.9155475596
"238",2015-03-23 02:46:22,"CAL5158","89911E",0,"89911ECAL51580",-118.38267,34.01811,5900,6884.9155475596
"239",2015-03-23 02:46:19,"CAL5158","89911E",0,"89911ECAL51580",-118.38267,34.01811,5925,6884.9155475596
"240",2015-03-23 02:46:18,"CAL5158","89911E",0,"89911ECAL51580",-118.40218,34.01623,6050,5072.81660010328
"241",2015-03-23 02:46:15,"CAL5158","89911E",0,"89911ECAL51580",-118.40218,34.01623,6075,5072.81660010328
"242",2015-03-23 02:46:14,"CAL5158","89911E",0,"89911ECAL51580",-118.40218,34.01623,6150,5072.81660010328
"243",2015-03-23 02:46:13,"CAL5158","89911E",0,"89911ECAL51580",-118.40218,34.01623,6175,5072.81660010328
"244",2015-03-23 02:46:06,"CAL5158","89911E",0,"89911ECAL51580",-118.40218,34.01623,6225,5072.81660010328
"245",2015-03-23 02:46:04,"CAL5158","89911E",0,"89911ECAL51580",-118.40218,34.01623,6475,5072.81660010328
"246",2015-03-23 02:46:03,"CAL5158","89911E",0,"89911ECAL51580",-118.40358,34.0161,6500,4942.86104551061
"247",2015-03-23 02:46:02,"CAL5158","89911E",0,"89911ECAL51580",-118.40778,34.01567,6550,4552.40387502097
"248",2015-03-23 02:46:01,"CAL5158","89911E",0,"89911ECAL51580",-118.40778,34.01567,6575,4552.40387502097
"249",2015-03-23 02:46:00,"CAL5158","89911E",0,"89911ECAL51580",-118.40891,34.01559,6650,4447.88933524565
"250",2015-03-23 02:45:59,"CAL5158","89911E",0,"89911ECAL51580",-118.40979,34.01549,6650,4365.93120785924
"251",2015-03-23 02:45:58,"CAL5158","89911E",0,"89911ECAL51580",-118.41182,34.01532,6675,4177.78902474437
"252",2015-03-23 02:45:53,"CAL5158","89911E",0,"89911ECAL51580",-118.419,34.0146,6725,3510.56393972413
"253",2015-03-23 02:45:52,"CAL5158","89911E",0,"89911ECAL51580",-118.42045,34.0145,6950,3376.54041769471
"254",2015-03-23 02:45:50,"CAL5158","89911E",0,"89911ECAL51580",-118.43262,34.01335,6950,2247.05560047128
"255",2015-03-23 02:45:43,"CAL5158","89911E",0,"89911ECAL51580",-118.43396,34.01321,7200,2122.50187005102
"256",2015-03-23 02:45:38,"CAL5158","89911E",0,"89911ECAL51580",-118.44063,34.0126,7250,1504.40563490407
"257",2015-03-23 02:45:36,"CAL5158","89911E",0,"89911ECAL51580",-118.44691,34.01207,7350,924.922956305459
"258",2015-03-23 02:45:34,"CAL5158","89911E",0,"89911ECAL51580",-118.44691,34.01207,7425,924.922956305459
"259",2015-03-23 02:45:28,"CAL5158","89911E",0,"89911ECAL51580",-118.46423,34.01161,7600,716.133170980644
"260",2015-03-23 02:45:22,"CAL5158","89911E",0,"89911ECAL51580",-118.46423,34.01161,7625,716.133170980644
"261",2015-03-23 02:45:15,"CAL5158","89911E",0,"89911ECAL51580",-118.48171,34.01302,7775,2332.57626878186
"262",2015-03-23 02:45:10,"CAL5158","89911E",0,"89911ECAL51580",-118.48171,34.01302,7975,2332.57626878186
"263",2015-03-23 02:45:09,"CAL5158","89911E",0,"89911ECAL51580",-118.48234,34.01308,8100,2391.07735551964
"264",2015-03-23 02:45:08,"CAL5158","89911E",0,"89911ECAL51580",-118.48497,34.01335,8125,2635.59348815206
"265",2015-03-23 02:45:02,"CAL5158","89911E",0,"89911ECAL51580",-118.49932,34.01482,8125,3969.72014581021
"266",2015-03-23 02:44:58,"CAL5158","89911E",0,"89911ECAL51580",-118.49932,34.01482,8325,3969.72014581021
"267",2015-03-23 02:44:57,"CAL5158","89911E",0,"89911ECAL51580",-118.50574,34.01544,8350,4566.05540835934
"268",2015-03-23 02:44:56,"CAL5158","89911E",0,"89911ECAL51580",-118.50574,34.01544,8425,4566.05540835934
"269",2015-03-23 02:44:50,"CAL5158","89911E",0,"89911ECAL51580",-118.51098,34.01596,8425,5052.98835280185
"270",2015-03-23 02:44:49,"CAL5158","89911E",0,"89911ECAL51580",-118.5125,34.01609,8500,5193.94188361608
"271",2015-03-23 02:44:48,"CAL5158","89911E",0,"89911ECAL51580",-118.53195,34.01795,8500,7000.39193754354
"272",2015-03-23 02:44:36,"CAL5158","89911E",0,"89911ECAL51580",-118.53195,34.01795,8575,7000.39193754354
"273",2015-03-23 02:44:35,"CAL5158","89911E",0,"89911ECAL51580",-118.53351,34.01811,8700,7145.42848601124
"274",2015-03-23 02:44:32,"CAL5158","89911E",0,"89911ECAL51580",-118.55965,34.02052,8725,9572.01620023509
"275",2015-03-23 02:44:25,"CAL5158","89911E",0,"89911ECAL51580",-118.55965,34.02052,8975,9572.01620023509
"276",2015-03-23 02:44:19,"CAL5158","89911E",0,"89911ECAL51580",-118.55965,34.02052,9025,9572.01620023509
"277",2015-03-23 02:44:17,"CAL5158","89911E",0,"89911ECAL51580",-118.56294,34.02086,9150,9877.91814021472
"278",2015-03-23 02:44:13,"CAL5158","89911E",0,"89911ECAL51580",-118.64214,34.02736,9175,17219.847845393
"279",2015-03-23 02:43:49,"CAL5158","89911E",0,"89911ECAL51580",-118.64214,34.02736,9250,17219.847845393
"280",2015-03-23 02:43:28,"CAL5158","89911E",0,"89911ECAL51580",-118.64214,34.02736,9750,17219.847845393
"281",2015-03-23 02:43:23,"CAL5158","89911E",0,"89911ECAL51580",-118.77817,34.07712,9750,30577.8539758158
"282",2015-03-23 02:43:10,"CAL5158","89911E",0,"89911ECAL51580",-118.77817,34.07712,9800,30577.8539758158
"283",2015-03-23 02:43:00,"CAL5158","89911E",0,"89911ECAL51580",-118.77817,34.07712,9875,30577.8539758158
"284",2015-03-23 02:42:54,"CAL5158","89911E",0,"89911ECAL51580",-118.77817,34.07712,9975,30577.8539758158
"285",2015-03-23 02:42:50,"CAL5158","89911E",0,"89911ECAL51580",-118.77817,34.07712,10050,30577.8539758158
"286",2015-03-23 02:42:08,"CAL5158","89911E",0,"89911ECAL51580",-118.77817,34.07712,10150,30577.8539758158
"287",2015-03-23 02:41:57,"CAL5158","89911E",0,"89911ECAL51580",-118.77817,34.07712,10850,30577.8539758158
"288",2015-03-23 02:41:56,"CAL5158","89911E",0,"89911ECAL51580",-118.78824,34.10463,10875,32337.0315396883
"289",2015-03-23 03:56:09,"LMJ338","4950D9",0,"4950D9LMJ3380",-118.51417,34.00626,4975,5324.1201009898
"290",2015-03-23 03:55:12,"LMJ338","4950D9",0,"4950D9LMJ3380",-118.51417,34.00626,5025,5324.1201009898
"291",2015-03-23 03:55:11,"LMJ338","4950D9",0,"4950D9LMJ3380",-118.51417,34.00626,6525,5324.1201009898
"292",2015-03-23 03:55:09,"LMJ338","4950D9",0,"4950D9LMJ3380",-118.51417,34.00626,6575,5324.1201009898
"293",2015-03-23 03:54:59,"LMJ338","4950D9",0,"4950D9LMJ3380",-118.49962,34.00804,6700,3970.68920374944
"294",2015-03-23 03:54:58,"LMJ338","4950D9",0,"4950D9LMJ3380",-118.49209,34.00896,6900,3271.51147415927
"295",2015-03-23 03:54:55,"LMJ338","4950D9",0,"4950D9LMJ3380",-118.49209,34.00896,7000,3271.51147415927
"296",2015-03-23 03:54:54,"LMJ338","4950D9",0,"4950D9LMJ3380",-118.49209,34.00896,7050,3271.51147415927
"297",2015-03-23 03:54:53,"LMJ338","4950D9",0,"4950D9LMJ3380",-118.49052,34.00911,7100,3126.08768474998
"298",2015-03-23 03:54:45,"LMJ338","4950D9",0,"4950D9LMJ3380",-118.47998,34.0101,7275,2151.26731154699
"299",2015-03-23 03:54:44,"LMJ338","4950D9",0,"4950D9LMJ3380",-118.47879,34.01018,7350,2041.44426934217
"300",2015-03-23 03:54:36,"LMJ338","4950D9",0,"4950D9LMJ3380",-118.46636,34.0106,7525,895.736457118168
"301",2015-03-23 03:54:33,"LMJ338","4950D9",0,"4950D9LMJ3380",-118.44478,34.01028,7575,1096.96801120695
"302",2015-03-23 03:54:31,"LMJ338","4950D9",0,"4950D9LMJ3380",-118.44478,34.01028,7650,1096.96801120695
"303",2015-03-23 03:54:20,"LMJ338","4950D9",0,"4950D9LMJ3380",-118.44478,34.01028,7700,1096.96801120695
"304",2015-03-23 03:54:16,"LMJ338","4950D9",0,"4950D9LMJ3380",-118.4273,34.00995,8050,2710.00957130301
"305",2015-03-23 03:54:13,"LMJ338","4950D9",0,"4950D9LMJ3380",-118.4273,34.00995,8100,2710.00957130301
"306",2015-03-23 03:54:08,"LMJ338","4950D9",0,"4950D9LMJ3380",-118.4273,34.00995,8250,2710.00957130301
"307",2015-03-23 03:54:07,"LMJ338","4950D9",0,"4950D9LMJ3380",-118.42572,34.00992,8275,2855.83261386066
"308",2015-03-23 03:54:05,"LMJ338","4950D9",0,"4950D9LMJ3380",-118.41465,34.00971,8325,3877.54656088539
"309",2015-03-23 03:54:00,"LMJ338","4950D9",0,"4950D9LMJ3380",-118.41465,34.00971,8375,3877.54656088539
"310",2015-03-23 03:53:59,"LMJ338","4950D9",0,"4950D9LMJ3380",-118.41465,34.00971,8525,3877.54656088539
"311",2015-03-23 03:53:56,"LMJ338","4950D9",0,"4950D9LMJ3380",-118.40424,34.00958,8550,4838.26386698443
"312",2015-03-23 03:53:55,"LMJ338","4950D9",0,"4950D9LMJ3380",-118.40424,34.00958,8650,4838.26386698443
"313",2015-03-23 03:53:53,"LMJ338","4950D9",0,"4950D9LMJ3380",-118.40424,34.00958,8700,4838.26386698443
"314",2015-03-23 03:53:52,"LMJ338","4950D9",0,"4950D9LMJ3380",-118.40424,34.00958,8725,4838.26386698443
"315",2015-03-23 03:53:51,"LMJ338","4950D9",0,"4950D9LMJ3380",-118.40145,34.00951,8750,5095.80324536235
"316",2015-03-23 03:53:50,"LMJ338","4950D9",0,"4950D9LMJ3380",-118.40145,34.00951,8775,5095.80324536235
"317",2015-03-23 03:53:44,"LMJ338","4950D9",0,"4950D9LMJ3380",-118.38438,34.0092,8925,6671.33336046006
"318",2015-03-23 03:53:43,"LMJ338","4950D9",0,"4950D9LMJ3380",-118.38438,34.0092,8950,6671.33336046006
"319",2015-03-23 03:53:42,"LMJ338","4950D9",0,"4950D9LMJ3380",-118.38438,34.0092,9050,6671.33336046006
"320",2015-03-23 03:53:38,"LMJ338","4950D9",0,"4950D9LMJ3380",-118.36883,34.00891,9075,8106.60172935432
"321",2015-03-23 03:53:35,"LMJ338","4950D9",0,"4950D9LMJ3380",-118.36883,34.00891,9100,8106.60172935432
"322",2015-03-23 03:53:28,"LMJ338","4950D9",0,"4950D9LMJ3380",-118.36883,34.00891,9175,8106.60172935432
"323",2015-03-23 03:53:27,"LMJ338","4950D9",0,"4950D9LMJ3380",-118.36693,34.00888,9375,8281.96228970595
"324",2015-03-23 03:53:26,"LMJ338","4950D9",0,"4950D9LMJ3380",-118.36603,34.00887,9425,8365.01953313813
"325",2015-03-23 03:53:21,"LMJ338","4950D9",0,"4950D9LMJ3380",-118.35482,34.00864,9550,9399.75615052635
"326",2015-03-23 03:53:19,"LMJ338","4950D9",0,"4950D9LMJ3380",-118.35482,34.00864,9575,9399.75615052635
"327",2015-03-23 03:53:15,"LMJ338","4950D9",0,"4950D9LMJ3380",-118.35045,34.00855,9675,9803.13099117178
"328",2015-03-23 03:53:09,"LMJ338","4950D9",0,"4950D9LMJ3380",-118.34142,34.00841,9775,10636.5545003092
"329",2015-03-23 03:53:03,"LMJ338","4950D9",0,"4950D9LMJ3380",-118.32779,34.00813,9775,11894.6855166898
"330",2015-03-23 03:53:00,"LMJ338","4950D9",0,"4950D9LMJ3380",-118.32779,34.00813,9800,11894.6855166898
"331",2015-03-23 03:52:59,"LMJ338","4950D9",0,"4950D9LMJ3380",-118.32685,34.00813,9800,11981.4112637985
"332",2015-03-23 03:52:57,"LMJ338","4950D9",0,"4950D9LMJ3380",-118.32315,34.00809,9800,12322.8663473245
"333",2015-03-23 03:52:55,"LMJ338","4950D9",0,"4950D9LMJ3380",-118.3213,34.00804,9800,12493.6591166668
"334",2015-03-23 03:52:54,"LMJ338","4950D9",0,"4950D9LMJ3380",-118.31903,34.00799,9825,12703.2021702448
"335",2015-03-23 03:52:53,"LMJ338","4950D9",0,"4950D9LMJ3380",-118.31754,34.00795,9825,12840.7596990114
"336",2015-03-23 03:52:51,"LMJ338","4950D9",0,"4950D9LMJ3380",-118.3144,34.0079,9825,13130.5704899319
"337",2015-03-23 03:52:49,"LMJ338","4950D9",0,"4950D9LMJ3380",-118.30667,34.00777,9825,13844.0379787534
"338",2015-03-23 03:52:47,"LMJ338","4950D9",0,"4950D9LMJ3380",-118.30667,34.00777,9850,13844.0379787534
"339",2015-03-23 03:52:45,"LMJ338","4950D9",0,"4950D9LMJ3380",-118.30667,34.00777,9875,13844.0379787534
"340",2015-03-23 03:52:44,"LMJ338","4950D9",0,"4950D9LMJ3380",-118.3045,34.00771,9875,14044.378605387
"341",2015-03-23 03:52:43,"LMJ338","4950D9",0,"4950D9LMJ3380",-118.30319,34.00772,9875,14165.2181667064
"342",2015-03-23 03:52:42,"LMJ338","4950D9",0,"4950D9LMJ3380",-118.3017,34.00767,9900,14302.7989452705
"343",2015-03-23 03:52:41,"LMJ338","4950D9",0,"4950D9LMJ3380",-118.30078,34.00768,9900,14387.6567531401
"344",2015-03-23 03:52:40,"LMJ338","4950D9",0,"4950D9LMJ3380",-118.29174,34.00748,9900,15222.1458718485
"345",2015-03-23 03:52:35,"LMJ338","4950D9",0,"4950D9LMJ3380",-118.29174,34.00748,9925,15222.1458718485
"346",2015-03-23 03:52:29,"LMJ338","4950D9",0,"4950D9LMJ3380",-118.28178,34.00734,10000,16141.3812199879
"347",2015-03-23 03:52:28,"LMJ338","4950D9",0,"4950D9LMJ3380",-118.28178,34.00734,10025,16141.3812199879
"348",2015-03-23 03:52:27,"LMJ338","4950D9",0,"4950D9LMJ3380",-118.27993,34.00731,10025,16312.1319777376
"349",2015-03-23 03:52:26,"LMJ338","4950D9",0,"4950D9LMJ3380",-118.27841,34.00725,10025,16452.5051590249
"350",2015-03-23 03:52:21,"LMJ338","4950D9",0,"4950D9LMJ3380",-118.27096,34.00713,10075,17140.1221385766
"351",2015-03-23 03:52:20,"LMJ338","4950D9",0,"4950D9LMJ3380",-118.27028,34.00711,10075,17202.9053499881
"352",2015-03-23 03:52:19,"LMJ338","4950D9",0,"4950D9LMJ3380",-118.26872,34.00708,10075,17346.9009541783
"353",2015-03-23 03:52:18,"LMJ338","4950D9",0,"4950D9LMJ3380",-118.26719,34.00706,10100,17488.1057265192
"354",2015-03-23 03:52:17,"LMJ338","4950D9",0,"4950D9LMJ3380",-118.25975,34.00692,10100,18174.8478368084
"355",2015-03-23 03:52:13,"LMJ338","4950D9",0,"4950D9LMJ3380",-118.25975,34.00692,10125,18174.8478368084
"356",2015-03-23 03:52:09,"LMJ338","4950D9",0,"4950D9LMJ3380",-118.24602,34.00671,10150,19442.072994982
"357",2015-03-23 03:52:04,"LMJ338","4950D9",0,"4950D9LMJ3380",-118.24602,34.00671,10175,19442.072994982
"358",2015-03-23 03:52:03,"LMJ338","4950D9",0,"4950D9LMJ3380",-118.24442,34.00664,10200,19589.8531001344
"359",2015-03-23 03:52:00,"LMJ338","4950D9",0,"4950D9LMJ3380",-118.24069,34.00662,10200,19934.0316222775
"360",2015-03-23 03:51:59,"LMJ338","4950D9",0,"4950D9LMJ3380",-118.23915,34.0066,10225,20076.1596706659
"361",2015-03-23 03:51:57,"LMJ338","4950D9",0,"4950D9LMJ3380",-118.23598,34.00653,10225,20368.7891050532
"362",2015-03-23 03:51:56,"LMJ338","4950D9",0,"4950D9LMJ3380",-118.23503,34.0065,10250,20456.5068099778
"363",2015-03-23 03:51:55,"LMJ338","4950D9",0,"4950D9LMJ3380",-118.22517,34.00635,10250,21366.5479961755
"364",2015-03-23 03:51:53,"LMJ338","4950D9",0,"4950D9LMJ3380",-118.22517,34.00635,10275,21366.5479961755
"365",2015-03-23 03:51:49,"LMJ338","4950D9",0,"4950D9LMJ3380",-118.22382,34.00632,10300,21491.1702453225
"366",2015-03-23 03:51:48,"LMJ338","4950D9",0,"4950D9LMJ3380",-118.22225,34.0063,10300,21636.0664669158
"367",2015-03-23 03:51:47,"LMJ338","4950D9",0,"4950D9LMJ3380",-118.21838,34.00622,10300,21993.3032473601
"368",2015-03-23 03:51:45,"LMJ338","4950D9",0,"4950D9LMJ3380",-118.21838,34.00622,10325,21993.3032473601
"369",2015-03-23 03:51:44,"LMJ338","4950D9",0,"4950D9LMJ3380",-118.2167,34.00621,10325,22148.3247844425
"370",2015-03-23 03:51:42,"LMJ338","4950D9",0,"4950D9LMJ3380",-118.21409,34.00613,10325,22389.3135786389
"371",2015-03-23 03:51:41,"LMJ338","4950D9",0,"4950D9LMJ3380",-118.2088,34.00607,10350,22877.5141360525
"372",2015-03-23 03:51:39,"LMJ338","4950D9",0,"4950D9LMJ3380",-118.2088,34.00607,10375,22877.5141360525
"373",2015-03-23 03:51:38,"LMJ338","4950D9",0,"4950D9LMJ3380",-118.20408,34.00599,10375,23313.1736806117
"374",2015-03-23 03:51:36,"LMJ338","4950D9",0,"4950D9LMJ3380",-118.20408,34.00599,10400,23313.1736806117
"375",2015-03-23 03:51:35,"LMJ338","4950D9",0,"4950D9LMJ3380",-118.20246,34.00594,10400,23462.7542943729
"376",2015-03-23 03:51:34,"LMJ338","4950D9",0,"4950D9LMJ3380",-118.20076,34.0059,10400,23619.6923115468
"377",2015-03-23 03:51:33,"LMJ338","4950D9",0,"4950D9LMJ3380",-118.1991,34.00589,10425,23772.8687367407
"378",2015-03-23 03:51:32,"LMJ338","4950D9",0,"4950D9LMJ3380",-118.19429,34.0058,10425,24216.8563719673
"379",2015-03-23 03:51:30,"LMJ338","4950D9",0,"4950D9LMJ3380",-118.19429,34.0058,10450,24216.8563719673
"380",2015-03-23 03:51:29,"LMJ338","4950D9",0,"4950D9LMJ3380",-118.19294,34.00575,10450,24341.5273979273
"381",2015-03-23 03:51:27,"LMJ338","4950D9",0,"4950D9LMJ3380",-118.19052,34.00571,10475,24564.893505696
"382",2015-03-23 03:51:26,"LMJ338","4950D9",0,"4950D9LMJ3380",-118.18806,34.00566,10475,24791.9740988443
"383",2015-03-23 03:51:25,"LMJ338","4950D9",0,"4950D9LMJ3380",-118.18705,34.00566,10500,24885.1572392823
"384",2015-03-23 03:51:24,"LMJ338","4950D9",0,"4950D9LMJ3380",-118.18462,34.00562,10500,25109.4461933376
"385",2015-03-23 03:51:23,"LMJ338","4950D9",0,"4950D9LMJ3380",-118.18358,34.00557,10500,25205.5171293104
"386",2015-03-23 03:51:22,"LMJ338","4950D9",0,"4950D9LMJ3380",-118.18148,34.00557,10500,25399.2642482915
"387",2015-03-23 03:51:17,"LMJ338","4950D9",0,"4950D9LMJ3380",-118.16822,34.00529,10550,26623.3134196717
"388",2015-03-23 03:51:14,"LMJ338","4950D9",0,"4950D9LMJ3380",-118.16822,34.00529,10575,26623.3134196717
"389",2015-03-23 03:51:13,"LMJ338","4950D9",0,"4950D9LMJ3380",-118.16746,34.00525,10600,26693.5285515519
"390",2015-03-23 03:51:07,"LMJ338","4950D9",0,"4950D9LMJ3380",-118.15578,34.00501,10650,27771.7147387361
"391",2015-03-23 03:51:05,"LMJ338","4950D9",0,"4950D9LMJ3380",-118.15168,34.00493,10650,28150.1780051693
"392",2015-03-23 03:51:04,"LMJ338","4950D9",0,"4950D9LMJ3380",-118.15086,34.00492,10675,28225.8558786434
"393",2015-03-23 03:51:00,"LMJ338","4950D9",0,"4950D9LMJ3380",-118.14302,34.00478,10700,28949.5204690133
"394",2015-03-23 03:50:58,"LMJ338","4950D9",0,"4950D9LMJ3380",-118.14109,34.00475,10725,29127.6566123493
"395",2015-03-23 03:50:57,"LMJ338","4950D9",0,"4950D9LMJ3380",-118.13879,34.00469,10725,29340.0034486676
"396",2015-03-23 03:50:51,"LMJ338","4950D9",0,"4950D9LMJ3380",-118.12444,34.00438,10750,30664.7072384931
"397",2015-03-23 03:50:49,"LMJ338","4950D9",0,"4950D9LMJ3380",-118.12444,34.00438,10800,30664.7072384931
"398",2015-03-23 03:50:48,"LMJ338","4950D9",0,"4950D9LMJ3380",-118.12243,34.00436,10850,30850.1995826019
"399",2015-03-23 03:50:47,"LMJ338","4950D9",0,"4950D9LMJ3380",-118.11888,34.00427,10875,31177.9483467173
"400",2015-03-23 03:50:46,"LMJ338","4950D9",0,"4950D9LMJ3380",-118.11413,34.0042,10875,31616.358634029
"401",2015-03-23 03:50:42,"LMJ338","4950D9",0,"4950D9LMJ3380",-118.10698,34.00404,10925,32276.4205732872
"402",2015-03-23 03:50:40,"LMJ338","4950D9",0,"4950D9LMJ3380",-118.10698,34.00404,10950,32276.4205732872
"403",2015-03-23 05:23:59,"MAA6874","A4FC9A",0,"A4FC9AMAA68740",-118.4496,34.00621,6525,786.965564468661
"404",2015-03-23 05:23:42,"MAA6874","A4FC9A",0,"A4FC9AMAA68740",-118.4496,34.00621,6675,786.965564468661
"405",2015-03-23 05:23:39,"MAA6874","A4FC9A",0,"A4FC9AMAA68740",-118.4496,34.00621,6800,786.965564468661
"406",2015-03-23 05:23:34,"MAA6874","A4FC9A",0,"A4FC9AMAA68740",-118.44589,34.00418,6800,1197.17192027786
"407",2015-03-23 05:23:26,"MAA6874","A4FC9A",0,"A4FC9AMAA68740",-118.43878,34.00017,6800,1990.75960681612
"408",2015-03-23 05:23:02,"MAA6874","A4FC9A",0,"A4FC9AMAA68740",-118.41838,33.98872,6800,4264.42434932152
"409",2015-03-23 05:23:00,"MAA6874","A4FC9A",0,"A4FC9AMAA68740",-118.41671,33.98784,6800,4446.99122174878
"410",2015-03-23 02:56:33,"NCA108","845F9F",0,"845F9FNCA1080",-118.3707,34.01823,3350,7983.01883521537
"411",2015-03-23 02:55:17,"NCA108","845F9F",0,"845F9FNCA1080",-118.3707,34.01823,3550,7983.01883521537
"412",2015-03-23 02:55:16,"NCA108","845F9F",0,"845F9FNCA1080",-118.3707,34.01823,5100,7983.01883521537
"413",2015-03-23 02:55:07,"NCA108","845F9F",0,"845F9FNCA1080",-118.3707,34.01823,5275,7983.01883521537
"414",2015-03-23 02:54:56,"NCA108","845F9F",0,"845F9FNCA1080",-118.3707,34.01823,5475,7983.01883521537
"415",2015-03-23 02:54:55,"NCA108","845F9F",0,"845F9FNCA1080",-118.3707,34.01823,5725,7983.01883521537
"416",2015-03-23 02:54:51,"NCA108","845F9F",0,"845F9FNCA1080",-118.37673,34.0177,5800,7423.53347422135
"417",2015-03-23 02:54:49,"NCA108","845F9F",0,"845F9FNCA1080",-118.3798,34.01744,5900,7138.81092426466
"418",2015-03-23 02:54:43,"NCA108","845F9F",0,"845F9FNCA1080",-118.4033,34.01541,6075,4958.86107764267
"419",2015-03-23 02:54:35,"NCA108","845F9F",0,"845F9FNCA1080",-118.4033,34.01541,6275,4958.86107764267
"420",2015-03-23 02:54:29,"NCA108","845F9F",0,"845F9FNCA1080",-118.41345,34.01456,6275,4017.70430881665
"421",2015-03-23 02:54:27,"NCA108","845F9F",0,"845F9FNCA1080",-118.41659,34.01431,6475,3726.74221112717
"422",2015-03-23 02:54:21,"NCA108","845F9F",0,"845F9FNCA1080",-118.43657,34.01279,6675,1877.30881058412
"423",2015-03-23 02:54:17,"NCA108","845F9F",0,"845F9FNCA1080",-118.43657,34.01279,6750,1877.30881058412
"424",2015-03-23 02:54:15,"NCA108","845F9F",0,"845F9FNCA1080",-118.43657,34.01279,6775,1877.30881058412
"425",2015-03-23 02:54:14,"NCA108","845F9F",0,"845F9FNCA1080",-118.46506,34.01172,6800,793.53434051627
"426",2015-03-23 02:53:58,"NCA108","845F9F",0,"845F9FNCA1080",-118.46506,34.01172,6850,793.53434051627
"427",2015-03-23 02:53:57,"NCA108","845F9F",0,"845F9FNCA1080",-118.48396,34.01299,7175,2538.00471427433
"428",2015-03-23 02:53:56,"NCA108","845F9F",0,"845F9FNCA1080",-118.48396,34.01299,7200,2538.00471427433
"429",2015-03-23 02:53:48,"NCA108","845F9F",0,"845F9FNCA1080",-118.48396,34.01299,7225,2538.00471427433
"430",2015-03-23 02:53:47,"NCA108","845F9F",0,"845F9FNCA1080",-118.48396,34.01299,7375,2538.00471427433
"431",2015-03-23 02:53:46,"NCA108","845F9F",0,"845F9FNCA1080",-118.50302,34.01477,7400,4307.78282412116
"432",2015-03-23 02:53:36,"NCA108","845F9F",0,"845F9FNCA1080",-118.50302,34.01477,7425,4307.78282412116
"433",2015-03-23 02:53:35,"NCA108","845F9F",0,"845F9FNCA1080",-118.50506,34.01498,7625,4497.46162017696
"434",2015-03-23 02:53:34,"NCA108","845F9F",0,"845F9FNCA1080",-118.5149,34.01587,7650,5410.75906947329
"435",2015-03-23 02:53:30,"NCA108","845F9F",0,"845F9FNCA1080",-118.5149,34.01587,7725,5410.75906947329
"436",2015-03-23 02:53:29,"NCA108","845F9F",0,"845F9FNCA1080",-118.5149,34.01587,7750,5410.75906947329
"437",2015-03-23 02:53:21,"NCA108","845F9F",0,"845F9FNCA1080",-118.52892,34.01721,7925,6712.95415231563
"438",2015-03-23 02:53:17,"NCA108","845F9F",0,"845F9FNCA1080",-118.53899,34.01819,7925,7648.48351151271
"439",2015-03-23 02:53:15,"NCA108","845F9F",0,"845F9FNCA1080",-118.53899,34.01819,8000,7648.48351151271
"440",2015-03-23 02:53:03,"NCA108","845F9F",0,"845F9FNCA1080",-118.55969,34.02013,8300,9570.57374050081
"441",2015-03-23 02:52:46,"NCA108","845F9F",0,"845F9FNCA1080",-118.59009,34.0228,8325,12391.0178753221
"442",2015-03-23 02:52:40,"NCA108","845F9F",0,"845F9FNCA1080",-118.60078,34.02379,8825,13383.4430112208
"443",2015-03-23 02:52:33,"NCA108","845F9F",0,"845F9FNCA1080",-118.64473,34.02773,8850,17461.8865325379
"444",2015-03-23 02:52:18,"NCA108","845F9F",0,"845F9FNCA1080",-118.64473,34.02773,9000,17461.8865325379
"445",2015-03-23 02:52:15,"NCA108","845F9F",0,"845F9FNCA1080",-118.64473,34.02773,9350,17461.8865325379
"446",2015-03-23 02:52:14,"NCA108","845F9F",0,"845F9FNCA1080",-118.68026,34.03107,9425,20760.7601981472
"447",2015-03-23 02:51:59,"NCA108","845F9F",0,"845F9FNCA1080",-118.68026,34.03107,9450,20760.7601981472
"448",2015-03-23 02:51:58,"NCA108","845F9F",0,"845F9FNCA1080",-118.68026,34.03107,9800,20760.7601981472
"449",2015-03-23 02:51:54,"NCA108","845F9F",0,"845F9FNCA1080",-118.68204,34.03127,9800,20926.4294518054
"450",2015-03-23 02:51:48,"NCA108","845F9F",0,"845F9FNCA1080",-118.79768,34.12898,9825,34113.8946580219
"451",2015-03-23 02:51:40,"NCA108","845F9F",0,"845F9FNCA1080",-118.79768,34.12898,9850,34113.8946580219
"452",2015-03-23 02:50:36,"NCA108","845F9F",0,"845F9FNCA1080",-118.79768,34.12898,10025,34113.8946580219
"453",2015-03-23 00:17:59,"UAL1234","A923A7",0,"A923A7UAL12340",-118.21698,34.03221,3550,22250.4383605511
"454",2015-03-23 00:17:54,"UAL1234","A923A7",0,"A923A7UAL12340",-118.21878,34.03206,3575,22083.5523304258
"455",2015-03-23 00:17:49,"UAL1234","A923A7",0,"A923A7UAL12340",-118.22449,34.03152,3625,21553.3708439484
"456",2015-03-23 00:17:44,"UAL1234","A923A7",0,"A923A7UAL12340",-118.23,34.03099,3675,21041.6483332682
"457",2015-03-23 00:17:42,"UAL1234","A923A7",0,"A923A7UAL12340",-118.3718,34.01811,3775,7880.6663489808
"458",2015-03-23 00:17:36,"UAL1234","A923A7",0,"A923A7UAL12340",-118.3718,34.01811,3800,7880.6663489808
"459",2015-03-23 00:16:58,"UAL1234","A923A7",0,"A923A7UAL12340",-118.3718,34.01811,3950,7880.6663489808
"460",2015-03-23 00:16:43,"UAL1234","A923A7",0,"A923A7UAL12340",-118.3718,34.01811,4575,7880.6663489808
"461",2015-03-23 00:16:11,"UAL1234","A923A7",0,"A923A7UAL12340",-118.3718,34.01811,4850,7880.6663489808
"462",2015-03-23 00:16:03,"UAL1234","A923A7",0,"A923A7UAL12340",-118.3718,34.01811,5350,7880.6663489808
"463",2015-03-23 00:15:53,"UAL1234","A923A7",0,"A923A7UAL12340",-118.3718,34.01811,5600,7880.6663489808
"464",2015-03-23 00:15:48,"UAL1234","A923A7",0,"A923A7UAL12340",-118.3718,34.01811,5775,7880.6663489808
"465",2015-03-23 00:15:47,"UAL1234","A923A7",0,"A923A7UAL12340",-118.38427,34.01698,5900,6723.22338367428
"466",2015-03-23 00:15:42,"UAL1234","A923A7",0,"A923A7UAL12340",-118.38427,34.01698,5925,6723.22338367428
"467",2015-03-23 00:15:38,"UAL1234","A923A7",0,"A923A7UAL12340",-118.38427,34.01698,6025,6723.22338367428
"468",2015-03-23 00:15:36,"UAL1234","A923A7",0,"A923A7UAL12340",-118.39372,34.0161,6100,5845.78606583207
"469",2015-03-23 00:15:30,"UAL1234","A923A7",0,"A923A7UAL12340",-118.39372,34.0161,6150,5845.78606583207
"470",2015-03-23 00:15:29,"UAL1234","A923A7",0,"A923A7UAL12340",-118.39622,34.01591,6275,5614.19753036119
"471",2015-03-23 00:15:28,"UAL1234","A923A7",0,"A923A7UAL12340",-118.39674,34.01582,6325,5565.39108504078
"472",2015-03-23 00:15:26,"UAL1234","A923A7",0,"A923A7UAL12340",-118.39954,34.01558,6325,5305.66824136974
"473",2015-03-23 00:15:23,"UAL1234","A923A7",0,"A923A7UAL12340",-118.40425,34.01518,6375,4868.82640321441
"474",2015-03-23 00:15:22,"UAL1234","A923A7",0,"A923A7UAL12340",-118.40425,34.01518,6425,4868.82640321441
"475",2015-03-23 00:15:17,"UAL1234","A923A7",0,"A923A7UAL12340",-118.41625,34.01414,6475,3755.60458773338
"476",2015-03-23 00:15:13,"UAL1234","A923A7",0,"A923A7UAL12340",-118.41625,34.01414,6650,3755.60458773338
"477",2015-03-23 00:15:10,"UAL1234","A923A7",0,"A923A7UAL12340",-118.41984,34.01385,6775,3422.85410608091
"478",2015-03-23 00:15:05,"UAL1234","A923A7",0,"A923A7UAL12340",-118.42638,34.01325,6775,2815.73626576657
"479",2015-03-23 00:14:58,"UAL1234","A923A7",0,"A923A7UAL12340",-118.45453,34.01134,6900,236.508459339825
"480",2015-03-23 00:14:54,"UAL1234","A923A7",0,"A923A7UAL12340",-118.45453,34.01134,7100,236.508459339825
"481",2015-03-23 00:14:51,"UAL1234","A923A7",0,"A923A7UAL12340",-118.45453,34.01134,7275,236.508459339825
"482",2015-03-23 00:14:44,"UAL1234","A923A7",0,"A923A7UAL12340",-118.45453,34.01134,7350,236.508459339825
"483",2015-03-23 00:14:43,"UAL1234","A923A7",0,"A923A7UAL12340",-118.45659,34.0113,7475,126.324963379565
"484",2015-03-23 00:14:42,"UAL1234","A923A7",0,"A923A7UAL12340",-118.45659,34.0113,7525,126.324963379565
"485",2015-03-23 00:14:37,"UAL1234","A923A7",0,"A923A7UAL12340",-118.46356,34.01143,7550,651.414188378796
"486",2015-03-23 00:14:29,"UAL1234","A923A7",0,"A923A7UAL12340",-118.47536,34.01204,7675,1737.47055090586
"487",2015-03-23 00:14:28,"UAL1234","A923A7",0,"A923A7UAL12340",-118.47536,34.01204,7800,1737.47055090586
"488",2015-03-23 00:14:27,"UAL1234","A923A7",0,"A923A7UAL12340",-118.47639,34.01214,7825,1833.16280799997
"489",2015-03-23 00:14:26,"UAL1234","A923A7",0,"A923A7UAL12340",-118.482,34.01266,7825,2354.03450375105
"490",2015-03-23 00:14:23,"UAL1234","A923A7",0,"A923A7UAL12340",-118.48211,34.01269,7875,2364.50828629998
"491",2015-03-23 00:14:20,"UAL1234","A923A7",0,"A923A7UAL12340",-118.49977,34.0144,7875,4005.13257769547
"492",2015-03-23 00:14:11,"UAL1234","A923A7",0,"A923A7UAL12340",-118.49977,34.0144,7975,4005.13257769547
"493",2015-03-23 00:14:10,"UAL1234","A923A7",0,"A923A7UAL12340",-118.49977,34.0144,8025,4005.13257769547
"494",2015-03-23 00:14:09,"UAL1234","A923A7",0,"A923A7UAL12340",-118.50048,34.01446,8025,4070.97713881266
"495",2015-03-23 00:14:05,"UAL1234","A923A7",0,"A923A7UAL12340",-118.50655,34.01505,8025,4634.90581544865
"496",2015-03-23 00:14:04,"UAL1234","A923A7",0,"A923A7UAL12340",-118.50821,34.01521,8100,4789.10857967045
"497",2015-03-23 00:14:01,"UAL1234","A923A7",0,"A923A7UAL12340",-118.51266,34.01564,8125,5202.49621491415
"498",2015-03-23 00:13:59,"UAL1234","A923A7",0,"A923A7UAL12340",-118.51404,34.01577,8125,5330.64890070604
"499",2015-03-23 00:13:58,"UAL1234","A923A7",0,"A923A7UAL12340",-118.51546,34.01591,8150,5462.59695763799
"500",2015-03-23 00:13:53,"UAL1234","A923A7",0,"A923A7UAL12340",-118.52285,34.0166,8150,6148.78053227266
"501",2015-03-23 00:13:47,"UAL1234","A923A7",0,"A923A7UAL12340",-118.53239,34.01743,8200,7033.81419514978
"502",2015-03-23 00:13:41,"UAL1234","A923A7",0,"A923A7UAL12340",-118.57212,34.02103,8275,10721.3881570011
"503",2015-03-23 00:13:40,"UAL1234","A923A7",0,"A923A7UAL12340",-118.57212,34.02103,8325,10721.3881570011
"504",2015-03-23 00:13:36,"UAL1234","A923A7",0,"A923A7UAL12340",-118.57212,34.02103,8350,10721.3881570011
"505",2015-03-23 00:13:20,"UAL1234","A923A7",0,"A923A7UAL12340",-118.57212,34.02103,8375,10721.3881570011
"506",2015-03-23 00:13:01,"UAL1234","A923A7",0,"A923A7UAL12340",-118.63432,34.02699,8550,16498.2899764695
"507",2015-03-23 00:12:41,"UAL1234","A923A7",0,"A923A7UAL12340",-118.63432,34.02699,8875,16498.2899764695
"508",2015-03-23 00:12:36,"UAL1234","A923A7",0,"A923A7UAL12340",-118.64225,34.02777,9275,17235.0228689946
"509",2015-03-23 00:12:34,"UAL1234","A923A7",0,"A923A7UAL12340",-118.64525,34.02806,9325,17513.67101545
"510",2015-03-23 00:12:29,"UAL1234","A923A7",0,"A923A7UAL12340",-118.65498,34.02901,9350,18417.5320369948
"511",2015-03-23 00:12:28,"UAL1234","A923A7",0,"A923A7UAL12340",-118.65498,34.02901,9475,18417.5320369948
"512",2015-03-23 00:12:21,"UAL1234","A923A7",0,"A923A7UAL12340",-118.68891,34.03211,9475,21566.689294216
"513",2015-03-23 00:12:08,"UAL1234","A923A7",0,"A923A7UAL12340",-118.68891,34.03211,9600,21566.689294216
"514",2015-03-23 00:12:07,"UAL1234","A923A7",0,"A923A7UAL12340",-118.68891,34.03211,9700,21566.689294216
"515",2015-03-23 00:12:03,"UAL1234","A923A7",0,"A923A7UAL12340",-118.69724,34.03281,9700,22339.0480741772
"516",2015-03-23 00:12:02,"UAL1234","A923A7",0,"A923A7UAL12340",-118.69724,34.03281,9725,22339.0480741772
"517",2015-03-23 00:12:01,"UAL1234","A923A7",0,"A923A7UAL12340",-118.69806,34.0329,9725,22415.3406734856
"518",2015-03-23 00:11:03,"UAL1234","A923A7",0,"A923A7UAL12340",-118.7982,34.13033,9725,34216.3385745221
"519",2015-03-23 00:10:40,"UAL1234","A923A7",0,"A923A7UAL12340",-118.7982,34.13033,9950,34216.3385745221
"520",2015-03-23 00:10:38,"UAL1234","A923A7",0,"A923A7UAL12340",-118.7982,34.13033,10150,34216.3385745221
"521",2015-03-23 00:10:35,"UAL1234","A923A7",0,"A923A7UAL12340",-118.7982,34.13033,10175,34216.3385745221
"522",2015-03-23 00:10:33,"UAL1234","A923A7",0,"A923A7UAL12340",-118.7982,34.13033,10200,34216.3385745221
"523",2015-03-23 00:10:30,"UAL1234","A923A7",0,"A923A7UAL12340",-118.7982,34.13033,10275,34216.3385745221
"524",2015-03-23 00:10:22,"UAL1234","A923A7",0,"A923A7UAL12340",-118.80615,34.1521,10275,35887.450228329
"525",2015-03-23 00:10:17,"UAL1234","A923A7",0,"A923A7UAL12340",-118.80615,34.1521,10675,35887.450228329
"526",2015-03-23 00:10:16,"UAL1234","A923A7",0,"A923A7UAL12340",-118.82463,34.20244,10675,40105.0238750313
"527",2015-03-23 00:09:46,"UAL1234","A923A7",0,"A923A7UAL12340",-118.82463,34.20244,10725,40105.0238750313
